"SupSonicSweep2_BEAVS_012726: Design Number","SupSonicSweep2_BEAVS_012726: BEAVSExtension (mm)","SupSonicSweep2_BEAVS_012726: BEAVSPosition (m)","SupSonicSweep2_BEAVS_012726: FreestreamAltitude (ft)","SupSonicSweep2_BEAVS_012726: FreestreamMach","SupSonicSweep2_BEAVS_012726: FreestreamTemperature (C)","SupSonicSweep2_BEAVS_012726: NumSteps","SupSonicSweep2_BEAVS_012726: Cell Count","SupSonicSweep2_BEAVS_012726: Center of Loads (m)","SupSonicSweep2_BEAVS_012726: Drag BEAVS (N)","SupSonicSweep2_BEAVS_012726: Drag Center Body (N)","SupSonicSweep2_BEAVS_012726: Drag Coefficient","SupSonicSweep2_BEAVS_012726: Drag Fins (N)","SupSonicSweep2_BEAVS_012726: Drag Nose (N)","SupSonicSweep2_BEAVS_012726: Drag of all external components (N)","SupSonicSweep2_BEAVS_012726: Drag Tail & Base (N)","SupSonicSweep2_BEAVS_012726: Total Solver CPU Time (s)","SupSonicSweep2_BEAVS_012726: Total Solver Elapsed Time (s)"
1.0,15.0,1.4,3600.0,0.1,7.0,470.0,1245429.0,-0.6978980169439013,0.3669414293217762,1.199901908595879,0.9222299844232112,0.48924602437405706,-129.9230983166876,3.0929952042465465,130.9600041586424,15064.762331000002,1996.1177867059976
2.0,15.0,1.4,3600.0,0.11,7.0,470.0,1245429.0,-0.6980558723123249,0.44768715518739893,1.3579146704457656,0.9158198723436632,0.5805255946388548,-129.87984127289994,3.716511100225561,131.21022495285348,15898.310185000006,2158.9307663289997
3.0,15.0,1.4,3600.0,0.12,7.0,470.0,1245429.0,-0.698228092933678,0.5373605995235973,1.5313060717440035,0.9145200729780167,0.6807236128018214,-129.832731726542,4.416677926395468,131.500019368868,16609.971548000016,2616.965987998003
4.0,15.0,1.4,3600.0,0.13,7.0,470.0,1245429.0,-0.6984164851673383,0.6354416618997295,1.7148354863185291,0.9108929155936589,0.7873546236747111,-129.78157775595042,5.16290389322946,131.8068498772869,16961.907252000008,2569.101356739004
5.0,15.0,1.4,3600.0,0.14,7.0,470.0,1245429.0,-0.6986187793596935,0.7445657451021768,1.9146021574326613,0.9128960225459956,0.9036411785111165,-129.72665403838377,6.000913876233216,132.16475883357109,13243.044646,1665.4656303260012
6.0,15.0,1.4,3600.0,0.15,7.0,470.0,1245429.0,-0.6988379248484627,0.860468653805109,2.1194576616614005,0.9094110351666332,1.024046518880569,-129.66767531869795,6.862505872159061,132.52620835650993,13346.993189999994,1678.664825328999
7.0,15.0,1.4,3600.0,0.16,7.0,470.0,1245429.0,-0.6990714736262039,0.9852532813713665,2.341687403052351,0.9090337741151816,1.1534868447262556,-129.60502412920889,7.804767595473776,132.92936419553268,13529.511785000012,1705.950284319
8.0,15.0,1.4,3600.0,0.17,7.0,470.0,1245429.0,-0.6993217618063355,1.120471082243408,2.5744572426894194,0.9073000176908134,1.2880987339901755,-129.53848439084553,8.794046192930491,133.349503524853,13661.455659999994,1723.059158677998
9.0,15.0,1.4,3600.0,0.18,7.0,470.0,1245429.0,-0.6995868790068579,1.2671101081577558,2.822640576318727,0.9067174373919962,1.429084139526199,-129.46810930974817,9.852738583774691,133.80201306952023,13512.399186999992,1698.7604216759987
10.0,15.0,1.4,3600.0,0.19,7.0,470.0,1245429.0,-0.6998675905299807,1.4209828215904363,3.082721348130266,0.9056641870080946,1.5764216351110822,-129.39366296309927,10.965145243349516,134.278682401617,13737.778440999991,1728.2912117900005
11.0,15.0,1.4,3600.0,0.2,7.0,470.0,1245429.0,-0.7001618226060818,1.587163970686352,3.3666453548304505,0.9082558626932278,1.7330785196612786,-129.3151415692529,12.184513949829682,134.81276767390452,13919.449341000007,1755.3130307439976
12.0,15.0,1.4,3600.0,0.21,7.0,470.0,1245429.0,-0.7004749889308529,1.7575695466644503,3.648441679912231,0.9061256913842637,1.8919790493657784,-129.23222333266335,13.401920404360594,135.33615346108152,13946.989624000009,1759.2252966400006
13.0,15.0,1.4,3600.0,0.22,7.0,470.0,1245429.0,-0.7008012203427382,1.9411630834551838,3.957248446771001,0.9073997538179156,2.061199945409603,-129.14504889780395,14.729364842350686,135.91480226451887,13937.749762000001,1752.4138987690012
14.0,15.0,1.4,3600.0,0.23,7.0,470.0,1245448.0,-0.7011440965014323,2.139489040107775,4.278661283971252,0.9090708764240729,2.237865782832163,-129.0533553105488,16.128479397192287,136.5258186008299,13567.817498000013,1706.6480305090006
15.0,15.0,1.4,3600.0,0.24,7.0,470.0,1245464.0,-0.701496152083211,2.335632779064893,4.590312970209539,0.9052703814947767,2.4186177190197897,-128.95701888569084,17.48802603467279,137.1004814520694,13698.311969000006,1726.8208905329984
16.0,15.0,1.4,3600.0,0.25,7.0,470.0,1245480.0,-0.7018695714415025,2.564359012761824,4.944907039960282,0.9037827000960037,2.6093179395054045,-128.85633058046966,18.94453951386616,137.6822861021083,13764.777014000001,1736.6320297270004
17.0,15.0,1.4,3600.0,0.26,7.0,470.0,1245480.0,-0.7022599694588256,2.7929720371124445,5.2991188612032145,0.9047725340781465,2.806083715874452,-128.75066610135445,20.512855281719858,138.3653467688842,13805.816674000002,1736.2034098049978
18.0,15.0,1.4,3600.0,0.27,7.0,470.0,1245560.0,-0.7026787186739325,3.0139149474065556,5.619473848132066,0.8957037794933707,3.00329000439342,-128.63951329401175,21.899385771488625,138.90222026556833,13657.02800900003,1717.3484961470008
19.0,15.0,1.4,3600.0,0.28,7.0,470.0,1245584.0,-0.7031084944246166,3.2319762476250085,5.928773485888781,0.888430024836925,3.202614503195787,-128.52289042018535,23.360347432503055,139.5198736159788,15791.530901999995,2039.7057481539998
20.0,15.0,1.4,3600.0,0.29,7.0,470.0,1245644.0,-0.7035472137752299,3.482246466818007,6.30004255219677,0.8877293275220144,3.4153217928703397,-128.40123797932287,25.038976226570597,140.24260339400834,15914.768700000002,2056.7755014109985
21.0,15.0,1.4,3600.0,0.3,7.0,470.0,1245767.0,-0.7039922145790991,3.776337774002159,6.7606754518345715,0.8946907973949649,3.644831923136934,-128.27458197948908,27.00570199157346,141.0984388220889,13609.608404000004,1714.448433137
22.0,15.0,1.4,3600.0,0.31,7.0,470.0,1245819.0,-0.7044584557396901,3.978904733003025,7.039354818895714,0.8807046297259689,3.8530669282131003,-128.14027578975094,28.385311390205935,141.65426069984503,13932.098429999987,1760.7584903540007
23.0,15.0,1.4,3600.0,0.32,7.0,470.0,1245976.0,-0.7049735495473312,4.165743811507631,7.217553630672467,0.8529215593357451,4.030824886713104,-127.99856803147345,29.292000967793,141.87644667037327,17935.120691999997,2362.572052797999
24.0,15.0,1.4,3600.0,0.33,7.0,470.0,1246043.0,-0.7054502234664877,4.539295840439835,7.803075739428763,0.8729122065843318,4.305728025321127,-127.85340428065349,31.881478038817875,143.08678271428167,18491.395494000004,2463.212558554999
25.0,15.0,1.4,3600.0,0.34,7.0,470.0,1246214.0,-0.7059640518323357,4.81827021897588,8.1838399669757,0.863838373367624,4.534755294031766,-127.69921932833168,33.49116900914501,143.65352285749333,13960.893912000003,1757.5612223000012
26.0,15.0,1.4,3600.0,0.35,7.0,470.0,1246195.0,-0.7064680777841409,5.208903045432931,8.79840933696876,0.8771770911430732,4.806379478739096,-127.53908768956245,36.03822102298939,144.76361685141106,13673.27018699998,1721.0549610429998
27.0,15.0,1.4,3600.0,0.36,7.0,470.0,1246271.0,-0.707046002913769,5.511275507510356,9.192738005630293,0.8731792334897582,5.048106114075888,-127.3688330080043,37.95319851397527,145.56991189476304,19319.030470999987,2568.5405432789958
28.0,15.0,1.4,3600.0,0.37,7.0,470.0,1246430.0,-0.70767834720523,5.647061529470207,9.268184112593575,0.8447225214417855,5.238332822187278,-127.18762357718373,38.78443963591209,145.81848474884475,13900.196945999995,1758.1743701869993
29.0,15.0,1.4,3600.0,0.38,7.0,470.0,1246633.0,-0.7082634315547595,6.006771493141411,9.777446544314405,0.8500275296001959,5.514422381907469,-127.00129118618948,41.166142844636724,146.86879361146293,13607.911164999981,1714.639874326001
30.0,15.0,1.4,3600.0,0.39,7.0,470.0,1246840.0,-0.708885275120283,6.4353948299502095,10.387295881133578,0.8533469844022359,5.799374646432492,-126.80695555554574,43.53062149349809,147.71551169152758,17566.31485800001,2290.1153884300015
31.0,15.0,1.4,3600.0,0.4,7.0,470.0,1246852.0,-0.7095119066538629,6.9157095383083735,11.105295971162583,0.8663396988461014,6.106197192229034,-126.60421997201495,46.4887861646403,148.9658034349552,15301.56063699998,1936.775263754001
32.0,15.0,1.4,3600.0,0.41,7.0,470.0,1247116.0,-0.7101628396415853,7.260142607918483,11.583742460417366,0.8633284752579986,6.380460225068408,-126.3908611519532,48.67251399514688,149.83902985369582,14299.302894000015,1809.5691848569995
33.0,15.0,1.4,3600.0,0.42,7.0,470.0,1247231.0,-0.7108472268203444,7.603547376625307,11.999305416809566,0.859309581359254,6.661337375695926,-126.16715750207733,50.83797412029186,150.7409414532384,20454.058642000004,2725.258941854999
34.0,15.0,1.4,3600.0,0.43,7.0,470.0,1247448.0,-0.7115529229697662,7.951881665933858,12.475715098756346,0.855961570232852,6.949017414624635,-125.93551463449991,53.08003018649656,151.63893064168158,18632.440740999966,2437.474426546004
35.0,15.0,1.4,3600.0,0.4400000000000001,7.0,470.0,1247580.0,-0.7123113045013216,8.31830251279076,12.94806993907371,0.8502309902041664,7.240591567716672,-125.69589482219536,55.205491966678736,152.394422769293,14153.631516,1783.0557858180027
36.0,15.0,1.4,3600.0,0.4500000000000001,7.0,470.0,1247662.0,-0.71305004424574,8.820883762893775,13.660051191519083,0.8565516764474062,7.561578364491044,-125.45192922647968,58.172616400532604,153.58203230810838,13814.424171999983,1746.841381468
37.0,15.0,1.4,3600.0,0.46,7.0,470.0,1247854.0,-0.7138461719680262,8.995760074747066,13.801368142891706,0.8395448827832392,7.832865381474543,-125.19600935877011,59.5798752161152,154.145890975772,18579.83678700002,2456.545088703999
38.0,15.0,1.4,3600.0,0.47,7.0,470.0,1248042.0,-0.7146285854927655,9.735956666944366,14.80978036848874,0.8566722070373262,8.20313263185735,-124.9403861369222,63.4673505167739,155.65886698640563,17091.765012000003,2217.8429714209983
39.0,15.0,1.4,3600.0,0.48,7.0,470.0,1248295.0,-0.7154392578126822,10.26616058128177,15.583438877317075,0.8628053660243782,8.5451867272519,-124.67669366130258,66.67074506060948,156.9526525360613,14061.668425,1770.3567308669983
40.0,15.0,1.4,3600.0,0.49,7.0,470.0,1248422.0,-0.71626482175878,10.59986296051526,15.920745941929784,0.8563778144299414,8.868085178865638,-124.40302887753332,68.96004695760313,157.97438175382572,14401.935884999995,1814.1587995290001
41.0,15.0,1.4,3600.0,0.5,7.0,470.0,1248543.0,-0.7171347420151989,10.729729696730756,15.949577869281821,0.8377431186528395,9.155107913533005,-124.12132078772947,70.24103299212226,158.52793830030615,14811.58173199999,1871.4478590150015
42.0,15.0,1.4,3600.0,0.51,7.0,470.0,1248801.0,-0.7180510565923621,11.278368331104142,16.65512673839635,0.8390397261040814,9.517393148394477,-123.83855142015207,73.19187704476194,159.579540247019,14210.831997999983,1792.516133325
43.0,15.0,1.4,3600.0,0.52,7.0,470.0,1249007.0,-0.7189792919640463,11.744892359473331,17.254513532297754,0.8378758386622133,9.87439009365719,-123.54776204566384,75.98473726897261,160.6587033292082,17919.14067700001,2358.848652849997
44.0,15.0,1.4,3600.0,0.53,7.0,470.0,1249340.0,-0.7198887334210092,12.91152397037663,18.818743415641144,0.8635021708238566,10.295371598557246,-123.25747574374394,81.3495505229447,162.58138728211364,16688.759949999992,2183.173915363
45.0,15.0,1.4,3600.0,0.54,7.0,470.0,1249380.0,-0.7209007380140201,12.759185063305218,18.44429503595388,0.8362385868102394,10.589191480442242,-122.94121018634448,81.78199904401521,162.93053765065835,14393.057880000004,1823.6182152519987
46.0,15.0,1.4,3600.0,0.55,7.0,470.0,1249843.0,-0.7219102888610932,13.862961643785974,19.788573003060627,0.8538602602003504,11.007365385698424,-122.62631923319772,86.62677868176502,164.59419788241772,14995.937410000002,1890.3943240949975
47.0,15.0,1.4,3600.0,0.56,7.0,470.0,1249946.0,-0.7229602998290288,13.995037897453297,19.816815325294115,0.8393896939049,11.336955262771784,-122.29107935219231,88.2835308699976,165.42580173667073,18194.17687899999,2359.888973414999
48.0,15.0,1.4,3600.0,0.5700000000000001,7.0,470.0,1250357.0,-0.724034077012849,14.12744415810386,19.917798611817776,0.8249532222074936,11.662631153403293,-121.94052135376963,89.8915849933012,166.1242324237459,20718.255592999983,2740.64184065
49.0,15.0,1.4,3600.0,0.58,7.0,470.0,1250530.0,-0.7251093954188939,14.75256038937854,20.65958307752993,0.828609196490699,12.057574585018308,-121.5758644048721,93.48581973725031,167.59196609019565,16699.760396999995,2108.790976747
50.0,15.0,1.4,3600.0,0.59,7.0,470.0,1250748.0,-0.726291425305328,14.859314384005339,20.59214448962076,0.8084255975893393,12.3469347949276,-121.18633760980948,94.38088833833909,167.76883227959485,16282.032589000011,2051.0055468669993
51.0,15.0,1.4,3600.0,0.6,7.0,470.0,1250973.0,-0.7275290512558873,15.223687156048424,20.844040165457034,0.7956760852097131,12.650087100803361,-120.77679653196631,96.06801054201291,168.12699265167043,21018.982547999996,2787.1765123650016
52.0,15.0,1.4,3600.0,0.61,7.0,470.0,1251099.0,-0.728633386516782,15.963528950391648,21.842221870789587,0.8106213134877636,13.145173286823407,-120.31901628947897,101.1620666800962,170.5301588615705,22234.08769900001,2945.6100022419987
53.0,15.0,1.4,3600.0,0.62,7.0,470.0,1251625.0,-0.7299632871918507,16.27979955422502,21.98444993044669,0.7962797305655196,13.44373501228971,-119.79043367492942,102.65711042234159,170.7395596003096,14639.614335000004,1841.712818128
54.0,15.0,1.4,3600.0,0.63,7.0,470.0,1252039.0,-0.7313135718588454,16.712432931671685,22.36995510185484,0.7915673491325508,13.799403767452812,-119.04000027310254,105.3680547032429,171.52626317536607,14818.630145000001,1865.9096204909974
55.0,15.0,1.4,3600.0,0.64,7.0,470.0,1252419.0,-0.732724031646305,17.13082569752041,22.667668939169772,0.7902329673096364,14.164824975104708,-117.82872631023302,108.5563125464578,172.4217192448959,18203.059968,2398.7549494659997
56.0,15.0,1.4,3600.0,0.65,7.0,470.0,1252954.0,-0.7340790084048402,17.647011313165805,23.22342362937524,0.8055520765209048,14.657452025761458,-115.98348285332133,114.14590323746498,174.60149912248383,13708.269759000012,1726.9313137729987
57.0,15.0,1.4,3600.0,0.66,7.0,470.0,1253396.0,-0.7356585398612283,17.83639108217601,23.18685205201224,0.8042919766122645,14.975785240925426,-113.45248152970012,117.5010123389039,174.95446549349032,14228.463183,1793.3207339789985
58.0,15.0,1.4,3600.0,0.67,7.0,470.0,1253891.0,-0.7373129536359281,17.932005671415837,23.21848825518293,0.8046133783532465,15.311210929968308,-110.78167013767656,121.13701432915568,175.45697961026517,17963.246973000016,2356.4090663919983
59.0,15.0,1.4,3600.0,0.6799999999999999,7.0,470.0,1254809.0,-0.7389904137892738,18.26853976184589,23.333128039763317,0.8117403963636054,15.686216033292448,-107.76385969139338,125.88528430465658,176.36126016114832,15043.664071000012,1902.5205774789977
60.0,15.0,1.4,3600.0,0.69,7.0,470.0,1255522.0,-0.740515924846038,18.771961913576206,23.869689457864943,0.836426917514921,16.277396744302965,-104.68872078504313,133.5568534926244,179.32652616192345,13165.965252999993,1657.8781959369999
61.0,15.0,1.4,3600.0,0.7,7.0,470.0,1256910.0,-0.742383868508843,18.816141267629938,23.581885426097738,0.8321229346180673,16.536988577014597,-101.17748870919358,136.74880723109627,178.9912806695476,20141.488389000016,2668.9970897130042
62.0,15.0,1.4,3600.0,0.71,7.0,470.0,1257736.0,-0.7455784713335872,19.273353028494384,23.63624640499435,0.8415638649585051,16.940555642245688,-97.53147538126645,142.27997281846677,179.9612931239988,19206.76652000002,2553.3743206539975
63.0,15.0,1.4,3600.0,0.72,7.0,470.0,1258543.0,-0.7475003098804985,19.633592564016887,23.69689451307858,0.8517786880681377,17.35767761593307,-93.70714168013518,148.09204982588557,181.11102681299224,15323.300756,1932.5565795260013
64.0,15.0,1.4,3600.0,0.73,7.0,470.0,1259851.0,-0.7494778028807282,20.056668741110496,23.77908853925918,0.8634461093688064,17.77987394970023,-89.60971714673417,154.31955609355924,182.31364201022353,14995.345067000007,1890.5384422389966
65.0,15.0,1.4,3600.0,0.74,7.0,470.0,1261159.0,-0.7515487986625892,20.500273850116827,23.857010110734596,0.8768224254279684,18.205930156501925,-85.17394916396702,161.0330756773539,183.6438107239676,18768.577143000002,2477.8613752000037
66.0,15.0,1.4,3600.0,0.75,7.0,470.0,1261990.0,-0.7521448577994817,21.022119921237827,24.01161546174865,0.8893513484256272,18.659272713651326,-80.67383858632395,167.77833843153905,184.75916892122524,17337.185506000005,2261.5368754660008
67.0,15.0,1.4,3600.0,0.76,7.0,470.0,1263518.0,-0.7543535885932842,21.44019336137018,24.16469529765385,0.9021412022866652,19.095008102016145,-75.81195729396605,174.75986273918727,185.87192327211315,15280.998011999998,1929.4746820380021
68.0,15.0,1.4,3600.0,0.77,7.0,470.0,1265004.0,-0.7566163355724125,22.083607626970252,24.363150444783496,0.9175092187615216,19.542204066880274,-70.69973451804451,182.44496374080643,187.1557361202169,15531.964369999996,1958.927052262
69.0,15.0,1.4,3600.0,0.78,7.0,470.0,1267407.0,-0.7590474582209767,22.180972466320135,24.722310633806355,0.9310592818091796,19.99943152013318,-65.24037721920557,189.9794101356522,188.31707273459807,15684.105628999969,1983.4217078570016
70.0,15.0,1.4,3600.0,0.79,7.0,470.0,1268854.0,-0.7615447675831746,23.05365143787443,24.851121206779684,0.9469824705073688,20.482987325821018,-59.76509809687135,198.21482041409493,189.59215854049117,15183.872911000008,1912.0828616539989
71.0,15.0,1.4,3600.0,0.8,7.0,470.0,1271804.0,-0.7640808942666208,23.68452217041161,25.187347762829617,0.9631804599325813,20.950622049059653,-53.94810735572184,206.74149181622565,190.86710718964656,17102.143031,2230.6030561379994
72.0,15.0,1.4,3600.0,0.8099999999999999,7.0,470.0,1273478.0,-0.7667036606780097,24.280724259352862,25.661302847850923,0.9803444542765627,21.482882987987544,-47.932190911368295,215.7191606616293,192.22644147780622,17808.823846000014,2339.243278531
73.0,15.0,1.4,3600.0,0.82,7.0,470.0,1277027.0,-0.7694874658522852,25.693409976320872,25.882812556545076,1.0002687216891746,21.98071408447629,-41.478625347328894,225.5715860212985,193.4932747512851,14706.845262000006,1865.361046015
74.0,15.0,1.4,3600.0,0.83,7.0,470.0,1280073.0,-0.7724243166996694,25.673450133518568,26.14862981337933,1.0139169786152984,22.502299418202952,-34.82353020205677,234.26022987159993,194.75938070855585,15115.461897000005,1915.403014592
75.0,15.0,1.4,3600.0,0.84,7.0,470.0,1283978.0,-0.7754809879944783,25.82900512520756,26.466935048454584,1.0299819880079581,23.081649469429586,-27.795065929621227,243.74078346892833,196.15825975545783,18086.26476,2363.5009966050015
76.0,15.0,1.4,3600.0,0.85,7.0,470.0,1294323.0,-0.7786101221334798,26.179015586120375,26.679777652572696,1.047276365625963,23.725451741883305,-20.48057990819451,253.76933687825849,197.6656718058766,17700.836808999997,2316.349986767997
77.0,15.0,1.4,3600.0,0.86,7.0,470.0,1300964.0,-0.7819743349672275,25.950345213742622,26.875616546471626,1.0629661531240315,24.486682132920258,-12.795317046764177,263.66733020361585,199.15000335724557,14683.980327000017,1852.6062892149994
78.0,15.0,1.4,3600.0,0.87,7.0,470.0,1307912.0,-0.7857620859708632,26.44741371914547,27.041172375497986,1.081510066032406,25.401215541423753,-4.890979096111036,274.54217849257213,200.543355952616,14323.603598000005,1805.8480411580008
79.0,15.0,1.4,3600.0,0.88,7.0,470.0,1319080.0,-0.7895246081855172,26.415876555875535,27.264155494627765,1.1006979289017838,26.547507754132575,3.488792679354919,285.87323384736163,202.15690136337082,19164.255276999986,2517.971552157
80.0,15.0,1.4,3600.0,0.89,7.0,470.0,1313703.0,-0.7966997944173748,33.37995978331592,34.41732146026365,1.1870275350828998,28.330121717039148,12.064805445512171,315.3412473916611,207.1490389855302,18161.733963000002,2383.335202371998
81.0,15.0,1.4,3600.0,0.9,7.0,470.0,1319659.0,-0.7988689415223714,33.027296060216315,38.766137187518154,1.2311296896200137,29.300981481064717,21.2389907136994,334.4481699953536,212.1147645528551,12942.957794999997,1632.8522973350011
82.0,15.0,1.4,3600.0,0.91,7.0,470.0,1327893.0,-0.8036524617412356,34.9392779742979,40.50418307037712,1.2704064694982944,31.741048314229964,30.823428139030526,352.8299639611349,214.82202646319948,13167.029258000006,1663.211602311
83.0,15.0,1.4,3600.0,0.92,7.0,470.0,1337423.0,-0.8094062918584798,36.57597097646609,42.00443351473098,1.310025600494947,35.110571511779376,40.71477792066302,371.87368255358535,217.46792862994587,17256.216977999986,2286.7049904449973
84.0,15.0,1.4,3600.0,0.93,7.0,470.0,1347802.0,-0.8152709774483433,38.02557232195817,43.29675035270742,1.353017710912984,40.15587295589708,51.02666981030623,392.4726237995147,219.9677583586458,15656.110149999975,2036.3132339799977
85.0,15.0,1.4,3600.0,0.94,7.0,470.0,1363080.0,-0.8215419348549234,39.4680213380394,44.39087471707378,1.4023146434048748,47.69178230602945,61.76959817451256,415.5670945160199,222.24681798036477,13324.544501,1678.695525473999
86.0,15.0,1.4,3600.0,0.95,7.0,470.0,1376483.0,-0.8271480439816256,40.882470441367595,45.38658548593502,1.447678993147254,53.85609370827999,72.89957910612341,438.1870014152351,225.16227267352906,14812.209048000002,1874.9808000739986
87.0,15.0,1.4,3600.0,0.96,7.0,470.0,1397532.0,-0.8357228574723525,42.33758239895925,46.322620738092326,1.4900371160479076,57.46260025320049,84.46321501680721,460.55292934777106,229.96691094071187,14949.394749999992,1890.7427329260004
88.0,15.0,1.4,3600.0,0.97,7.0,470.0,1411674.0,-0.8497795249046041,43.996909798540216,47.25207079876834,1.5335154509436746,58.96613644873196,96.49820362386795,483.9178167262446,237.2044960563362,16715.292230999996,2165.126558013999
89.0,15.0,1.4,3600.0,0.98,7.0,470.0,1428157.0,-0.8666842217104324,45.89678774161119,48.22479096368299,1.5828472892478347,59.54770043843546,109.01182443609969,509.8367638862982,247.15566030646886,14704.27412499999,1855.5137359010002
90.0,15.0,1.4,3600.0,0.99,7.0,470.0,1441003.0,-0.888468210897873,46.51391168186123,49.22668538747301,1.6549904267731224,60.160908086821195,121.96970570882694,544.0087071459516,266.13749628096923,20144.275348999978,2687.131107346003
91.0,15.0,1.4,3600.0,1.0,7.0,470.0,1444998.0,-0.9114149408071296,46.98629342158814,50.14098790702094,1.7350414177044748,60.56946947261022,135.15149258995538,581.9020114884738,289.05376809729916,15312.81535600001,1928.5757195060014
92.0,15.0,1.4,3600.0,1.01,7.0,470.0,1438683.0,-0.921922740841652,51.75513403363601,51.75170864099029,1.7587133243784352,61.60939750663454,148.98158193658352,601.6969515043945,287.59912938655015,16053.718302000003,2021.2574683699986
93.0,15.0,1.4,3600.0,1.02,7.0,470.0,1435932.0,-0.8730944867722896,52.726222112657005,53.12978080616634,1.64938764432875,60.82933203557274,162.60616375926705,575.5235367622348,246.23203804857167,19160.52455900001,2502.6279568310006
94.0,15.0,1.4,3600.0,1.03,7.0,470.0,1461589.0,-0.8451163422832826,53.07466090507962,53.82845906987348,1.7888168117997634,59.13001778572716,175.923069089437,636.4735009939216,294.51729414380435,20915.06882899998,2797.4058361429984
95.0,15.0,1.4,3600.0,1.04,7.0,470.0,1465148.0,-0.8593860417132602,53.848135991642366,54.696891016807726,1.8491356235616134,59.78029772120501,189.2278521364522,670.7728188241581,313.2196419580508,14603.930967999995,1838.5740990380011
96.0,15.0,1.4,3600.0,1.05,7.0,470.0,1473814.0,-0.8686586361100929,54.24253653473411,55.58242304427913,1.8470467214904613,60.0239488127232,202.46787781200018,682.9618718149588,310.64508561122227,14848.10055999999,1869.3441016320014
97.0,15.0,1.4,3600.0,1.06,7.0,470.0,1476750.0,-0.8697706573243036,54.49060401926207,56.43867969676138,1.8435614687977546,59.9375376139752,216.27947324829765,694.7192579957493,307.57296341745297,20339.720439999986,2701.8319903699967
98.0,15.0,1.4,3600.0,1.07,7.0,470.0,1482214.0,-0.8675696668018829,54.99675269896176,57.47622697449626,1.8513957985682985,59.680183884782565,230.67072332196742,710.8972275707034,308.07334069049546,14621.156715999996,1846.1832987219984
99.0,15.0,1.4,3600.0,1.08,7.0,470.0,1486786.0,-0.8651555007915823,55.57967225996643,58.382590110703255,1.862976591274277,59.57865138161888,244.7322696348204,728.7774193141313,310.50423592702236,19143.462506,2503.319751094998
100.0,15.0,1.4,3600.0,1.09,7.0,470.0,1488420.0,-0.8622839014356374,56.21688016505495,59.394553416087135,1.8741504115937817,59.58886746006257,258.3853286834421,746.7881984275588,313.20256870291206,14365.055275999997,1830.2020978879987
101.0,15.0,1.4,3600.0,1.1,7.0,470.0,1495063.0,-0.8598834154320274,57.0134958512146,60.297319391818974,1.8849471284286332,59.64756459277565,272.0427208113779,764.9349915074021,315.9338908602149,19042.458800999982,2511.687406975999
102.0,15.0,1.4,3600.0,1.11,7.0,470.0,1498649.0,-0.8580191270514015,57.94922320776711,61.21882853725585,1.8966775890316598,59.690393044358444,285.9971241281806,783.753450663879,318.89788174631707,13655.695059,1723.2480298120004
103.0,15.0,1.4,3600.0,1.12,7.0,470.0,1499159.0,-0.8561595982315311,58.80180664722413,62.16224688313522,1.908525916457464,59.77553293184113,300.1717563328625,802.9233996330315,322.01205683796843,13923.384653999994,1758.9555099039987
104.0,15.0,1.4,3600.0,1.13,7.0,470.0,1501436.0,-0.8540123756988083,59.33050993071812,63.08791222871197,1.918762604934508,59.94618278706307,314.4758110522355,821.7091486674,324.8687326686712,16948.02085999999,2227.2746208629983
105.0,15.0,1.4,3600.0,1.14,7.0,470.0,1505619.0,-0.8519449782111017,60.75964411202524,64.02156294104162,1.9309595037142142,60.12483664553619,329.06386358484036,841.6332256138063,327.6633183303628,14042.35968799998,1770.611695175998
106.0,15.0,1.4,3600.0,1.15,7.0,470.0,1509240.0,-0.8496886038904947,62.164972613722185,64.94779011385235,1.9423725732091248,60.33487781850249,343.43974688053123,861.5256382632451,330.63825083663676,14523.222850000002,1833.9715362289994
107.0,15.0,1.4,3600.0,1.16,7.0,470.0,1514390.0,-0.8473735744131811,62.647859087728605,65.94082062343163,1.9506713087491454,60.588832149756726,357.6658047839649,880.3190073616122,333.47569071673036,17206.348912999987,2237.508699373999
108.0,15.0,1.4,3600.0,1.17,7.0,470.0,1518236.0,-0.8447178852777223,63.74742337280358,66.8418088329891,1.9591578775141434,60.901171442602845,371.759242177884,899.4585412037926,336.20889537751316,17433.016743999993,2300.5041331419993
109.0,15.0,1.4,3600.0,1.18,7.0,470.0,1513591.0,-0.8423241877620494,63.97954443055133,67.73502796946379,1.965693142428095,61.18881370601337,386.1265931840722,917.9514628738243,338.9214835837236,13683.211562000006,1723.4477631150005
110.0,15.0,1.4,3600.0,1.19,7.0,470.0,1523094.0,-0.8402300876170378,65.81858882340225,68.71207941084407,1.9754299886508413,61.4320208106345,400.5520409245215,938.2002942690091,341.68556429960665,13586.802859000014,1713.4421802649988
111.0,15.0,1.4,3600.0,1.2,7.0,470.0,1530682.0,-0.8382458498830094,66.81421908517869,69.6041389614232,1.9827873888689478,61.796803745332916,414.8009244199541,957.5878592667655,344.5717730548765,18127.726623999966,2417.9469466190017
112.0,15.0,1.4,3600.0,1.21,7.0,470.0,1530629.0,-0.836063421311063,68.08519422887852,70.53106553305315,1.9905633434200039,62.260696313557425,429.13158042044404,977.4323908068723,347.42385431093913,13373.030347,1683.2544113870001
113.0,15.0,1.4,3600.0,1.22,7.0,470.0,1530704.0,-0.8339324954310725,69.03032604270568,71.42544565867729,1.9979581514021487,62.637407528865154,443.95114325157584,997.3464668307759,350.30214434895174,15181.783280000001,1952.886902582999
114.0,15.0,1.4,3600.0,1.23,7.0,470.0,1534856.0,-0.8318539647207559,70.04851192987375,72.39649847149576,2.0055884545810043,62.99350144297644,458.8397428664441,1017.63501876194,353.3567640511501,14211.290485000007,1792.8609928629994
115.0,15.0,1.4,3600.0,1.24,7.0,470.0,1536975.0,-0.829168647141987,71.15803660384864,73.33674994365994,2.0116858333999987,63.36777870277874,473.71435290094126,1037.3935028472345,355.81658469600586,13814.354870999987,1741.3241136909994
116.0,15.0,1.4,3600.0,1.25,7.0,470.0,1540779.0,-0.8267773845340849,72.33610590044982,74.21563149663362,2.0174631761483237,63.79223501527806,488.2659703976803,1057.2206456520667,358.6107028420249,18296.761600999995,2434.1544763629977
117.0,15.0,1.4,3600.0,1.26,7.0,470.0,1544415.0,-0.8236758149286962,73.45530209684962,75.18954238575829,2.0229487971962326,64.2511779632588,502.7460645170708,1077.1246679561498,361.48258099321214,16330.904302999985,2130.001641817997
118.0,15.0,1.4,3600.0,1.27,7.0,470.0,1546979.0,-0.8212659274410452,74.5432023395375,76.08343186700598,2.028071350009465,64.70813384305441,517.3000872514231,1097.0607123813072,364.4258570802861,13305.301012999988,1676.1833091669982
119.0,15.0,1.4,3600.0,1.28,7.0,470.0,1549956.0,-0.8190088264719505,75.47113058523497,76.9983866916338,2.0327083280998886,65.08894541124519,532.097091462372,1116.9532515569517,367.2976974064659,13629.308681000002,1725.120800448999
120.0,15.0,1.4,3600.0,1.29,7.0,470.0,1565401.0,-0.8163132439314619,76.27425373256077,77.93755362348445,2.0361610083664994,65.45582890229265,546.8590054020857,1136.4007963336073,369.8741546731838,13952.597441999982,1761.0687940080013
121.0,15.0,1.4,3600.0,1.3,7.0,470.0,1556904.0,-0.8137137459110971,77.26136885636888,78.84497182300736,2.039085107227214,65.83784341060692,561.5930843968991,1155.7450753413746,372.2078068544923,16294.292616000006,2134.078847038001
122.0,15.0,1.4,3600.0,1.31,7.0,470.0,1557627.0,-0.8113457854763954,77.8990129794358,79.67886998693368,2.0412520421358207,66.22596623925884,576.2091550205514,1174.8413420522706,374.82833782609094,16228.749298999988,2124.8392519889994
123.0,15.0,1.4,3600.0,1.32,7.0,470.0,1562162.0,-0.8091893893337795,78.82513625429968,80.57397217544421,2.0442749972554237,66.66000027142948,590.6704381021804,1194.6128453916967,377.8832985883431,13242.441114999998,1668.7092225290016
124.0,15.0,1.4,3600.0,1.33,7.0,470.0,1565433.0,-0.8061224840592308,79.663824873973,81.49602657980903,2.045525475480174,67.01572964500937,605.2193677581189,1213.5234696005223,380.128520743612,13591.937056000002,1712.0358345880015
125.0,15.0,1.4,3600.0,1.34,7.0,470.0,1566470.0,-0.8037566443518603,80.88207573891148,82.56004930479669,2.0487783881238277,67.46099497939703,619.934565363514,1233.7995048869882,382.9618195003689,18438.479679999993,2411.2326667240045
126.0,15.0,1.4,3600.0,1.35,7.0,470.0,1568821.0,-0.8013747156122552,81.50204055780435,83.22000729456828,2.0488016074532047,67.83818855596914,634.4335288292359,1252.2972197370975,385.30345449951966,17157.007349000003,2258.495145084999
127.0,15.0,1.4,3600.0,1.36,7.0,470.0,1569130.0,-0.798784000660428,82.7513700266759,83.96405351893988,2.0532035531062256,68.30709383595632,648.7933145526573,1273.6491330281508,389.83330109392125,15056.457706000001,1894.9553911759976
128.0,15.0,1.4,3600.0,1.37,7.0,470.0,1583166.0,-0.7965368758960983,83.30417336212982,84.84565347321352,2.051840306154224,68.79097369225485,663.4830843882099,1291.5900163894748,391.1661314736667,15978.120540999998,2018.4766269859992
129.0,15.0,1.4,3600.0,1.38,7.0,470.0,1577946.0,-0.7941672202290437,84.3880588752466,86.03530734133683,2.054439692129058,69.1991054160477,678.1492691155007,1312.1744182328669,394.4026774847351,19303.016727999977,2515.996843324001
130.0,15.0,1.4,3600.0,1.39,7.0,470.0,1583614.0,-0.7918842931666015,84.32243791763322,86.72448826996529,2.0524766224780926,69.66686930157032,692.5933562724954,1329.9883152992654,396.6811635376014,17874.464316000034,2358.663821184001
131.0,15.0,1.4,3600.0,1.4,7.0,470.0,1595515.0,-0.7899558049242421,85.28881859691796,87.60232237923417,2.0535063569455003,70.15991769502801,707.2611951641037,1349.8704735624717,399.55821972718786,13455.375847000008,1697.6685084569974
132.0,15.0,1.4,3600.0,1.41,7.0,470.0,1587362.0,-0.7868108704625019,86.04081611339038,88.39095417194741,2.0532243408515125,70.5299241487438,721.9838566221893,1369.0352010704978,402.08965001422706,15404.046805999988,1942.7851048159982
133.0,15.0,1.4,3600.0,1.42,7.0,470.0,1596279.0,-0.7850619813417441,86.85144714606089,89.18600551784318,2.0531473206381072,71.03196018430324,736.2836848576158,1388.4709509817249,405.1178532759017,13673.28533200001,1735.7010585280002
134.0,15.0,1.4,3600.0,1.43,7.0,470.0,1596186.0,-0.7828353480891753,87.66340732278346,89.98114203683537,2.052708109962073,71.51228512171828,750.7101920487527,1407.7945553766838,407.927528846594,17380.613070000014,2287.323548734998
135.0,15.0,1.4,3600.0,1.44,7.0,470.0,1606351.0,-0.7805964904834731,88.31065437889292,90.84814019934741,2.0523864903534963,72.00631393157538,765.3550078557994,1427.329078076632,410.808961711017,17650.11222799996,2310.313189224999
136.0,15.0,1.4,3600.0,1.45,7.0,470.0,1593165.0,-0.7784027180260034,88.6312780518163,91.70457909625269,2.0512345724994776,72.54708790230174,779.8450890867813,1446.409704855848,413.68167071869595,16195.729312000012,2044.8266809099996
137.0,15.0,1.4,3600.0,1.46,7.0,470.0,1602262.0,-0.776259939852011,89.50447230379065,92.55386883971298,2.048065930892952,73.04201225950891,792.9433211755386,1464.163759041246,416.12008446269493,13326.772258999988,1683.5263135599976
138.0,15.0,1.4,3600.0,1.47,7.0,470.0,1602622.0,-0.774057727534772,89.9475024398278,93.35962649361639,2.044254380144462,73.56690976501959,805.8623870653623,1481.5270718256759,418.7906460618499,14207.495250000004,1790.0001225790004
139.0,15.0,1.4,3600.0,1.48,7.0,470.0,1608562.0,-0.7719349400335012,90.65078915710772,94.1312173713629,2.042436250679767,74.07792335058271,820.0027371212981,1500.4168770494355,421.5542100490841,17307.625667999997,2269.088692730998
140.0,15.0,1.4,3600.0,1.49,7.0,470.0,1608441.0,-0.769363578916867,91.39548493541278,94.8800437920368,2.0394211534794384,74.54265820593756,833.4798434979946,1518.5162205555498,424.21819012416773,17417.839543000002,2276.6864327809994
141.0,15.0,1.4,3600.0,1.5,7.0,470.0,1606745.0,-0.7670717195274654,92.3110966579635,95.61805031826047,2.0367871847834635,75.01454306226665,847.2825392690402,1536.9798233580757,426.7535940505449,13614.962700999991,1714.2679673880011
