"SupSonicSweep2_012726: Design Number","SupSonicSweep2_012726: BEAVSExtension (mm)","SupSonicSweep2_012726: BEAVSPosition (m)","SupSonicSweep2_012726: FreestreamAltitude (ft)","SupSonicSweep2_012726: FreestreamMach","SupSonicSweep2_012726: FreestreamTemperature (C)","SupSonicSweep2_012726: NumSteps","SupSonicSweep2_012726: Cell Count","SupSonicSweep2_012726: Center of Loads (m)","SupSonicSweep2_012726: Drag BEAVS (N)","SupSonicSweep2_012726: Drag Center Body (N)","SupSonicSweep2_012726: Drag Coefficient","SupSonicSweep2_012726: Drag Fins (N)","SupSonicSweep2_012726: Drag Nose (N)","SupSonicSweep2_012726: Drag of all external components (N)","SupSonicSweep2_012726: Drag Tail & Base (N)","SupSonicSweep2_012726: Total Solver CPU Time (s)","SupSonicSweep2_012726: Total Solver Elapsed Time (s)"
1.0,0.0,1.4,3600.0,0.1,7.0,470.0,1240753.0,-0.6979108041826063,0.017247965370597033,1.2068139351816396,0.83121805645569,0.49322204164505545,-129.92368480413728,2.787757398615196,130.99415826055517,13175.200611,1669.2193263800023
2.0,0.0,1.4,3600.0,0.11,7.0,470.0,1240753.0,-0.6980716546515597,0.01749904426514526,1.369562475532082,0.8232678918764733,0.5851818639768185,-129.88053033428253,3.3409236368590802,131.24921058736754,13010.590699999992,1649.598947849
3.0,0.0,1.4,3600.0,0.12,7.0,470.0,1240753.0,-0.6982478746042052,0.01777489765745746,1.5475387528288946,0.8191963892245406,0.6852618934974473,-129.8335643198464,3.9563118586221506,131.53930063448476,13061.855994000001,1645.3936296670006
4.0,0.0,1.4,3600.0,0.13,7.0,470.0,1240753.0,-0.6984388131636072,0.018101527933887217,1.7503768831275155,0.8252285937592385,0.7965657910793718,-129.78273897235078,4.67736201104063,131.89505678125064,13414.296319000006,1691.9416037629999
5.0,0.0,1.4,3600.0,0.14,7.0,470.0,1240753.0,-0.6986462743582583,0.018458317068927487,1.9642213533775523,0.8283074630840472,0.913908264505624,-129.72805917979508,5.444871733744655,132.27634297858762,13699.257134000007,1724.9768278770014
6.0,0.0,1.4,3600.0,0.15,7.0,470.0,1240753.0,-0.698872610030581,0.01874093206562375,2.1469418031344203,0.8058731857492382,1.0280786491408842,-129.66902730610613,6.081198990956076,132.55646491272128,12968.21165799999,1630.0385647290032
7.0,0.0,1.4,3600.0,0.16,7.0,470.0,1240753.0,-0.6991100937085643,0.019175976476469434,2.4052631232359727,0.8193529045703092,1.1638432215620456,-129.60687060730558,7.034787024356932,133.053375310388,13474.038081999994,1695.0270175930013
8.0,0.0,1.4,3600.0,0.17,7.0,470.0,1240753.0,-0.6993647388994533,0.019604769347261096,2.666714967479353,0.8230552495057395,1.3018656713288677,-129.54074543226525,7.9774999915782425,133.530060015688,13765.271842000016,1736.064697343999
9.0,0.0,1.4,3600.0,0.18,7.0,470.0,1240753.0,-0.6996365624517135,0.02007625036900295,2.949932482247229,0.8269726850723182,1.4459851117702207,-129.47085606696535,8.986201594816361,134.04106381739524,13404.452920999995,1684.3242635980012
10.0,0.0,1.4,3600.0,0.19,7.0,470.0,1240753.0,-0.6999242199489273,0.020533052644453115,3.233070271129356,0.8266412316831919,1.5948472016028366,-129.39684370955783,10.008390857864981,134.55678404204616,13493.672874999995,1695.787025406999
11.0,0.0,1.4,3600.0,0.2,7.0,470.0,1240753.0,-0.7002285360446363,0.02098466979530345,3.5156752121462693,0.8224754920456145,1.7478609534774545,-129.31850177954934,11.033745575290265,135.06772651942055,13656.686852999994,1718.4374111339973
12.0,0.0,1.4,3600.0,0.21,7.0,470.0,1240768.0,-0.7005486785027943,0.021572370721921325,3.8584685813574056,0.8276807723568307,1.9121158202495874,-129.2363368332373,12.241692225280868,135.68587228618924,13629.177669999986,1719.2386676179997
13.0,0.0,1.4,3600.0,0.22,7.0,470.0,1240768.0,-0.7008859157845926,0.022091931528835432,4.176045505280794,0.8259137061398496,2.081267476486592,-129.14945392919103,13.406642722621918,136.27669173851672,13858.039974999998,1743.914319241001
14.0,0.0,1.4,3600.0,0.23,7.0,470.0,1240768.0,-0.7012412317139565,0.0227226758843533,4.547182360868606,0.8290696785288147,2.258186467334137,-129.0586310233736,14.709120681093165,136.93966020037968,13603.838831000012,1709.606319070999
15.0,0.0,1.4,3600.0,0.24,7.0,470.0,1240768.0,-0.7016113864495275,0.023205185777836906,4.8370646952644805,0.8211401649232299,2.4359706554743314,-128.96232123047488,15.86279732093039,137.52887801488862,13815.102860000006,1736.4216367130007
16.0,0.0,1.4,3600.0,0.25,7.0,470.0,1240800.0,-0.7019998125914673,0.023671955361296862,5.141736132946953,0.8069769932928011,2.6182774733216316,-128.86160700639581,16.915357568354004,137.99327901311995,13313.765347999995,1678.6537875669983
17.0,0.0,1.4,3600.0,0.26,7.0,470.0,1240834.0,-0.7024092125220721,0.02438124830367911,5.536972933825027,0.8093629304568246,2.814918862950865,-128.75661384519088,18.34974431420524,138.73008511431655,13542.226283000013,1704.2184597710002
18.0,0.0,1.4,3600.0,0.27,7.0,470.0,1240914.0,-0.702812581782454,0.02487340762216204,5.856231850168335,0.8001611327165026,3.0152311517588215,-128.64569839740486,19.56342903300174,139.31279102085728,13792.317203,1733.819190890998
19.0,0.0,1.4,3600.0,0.28,7.0,470.0,1240916.0,-0.7032522529454373,0.025486849112659898,6.2256255550845125,0.7979555654013958,3.220507327623073,-128.52998330048123,20.981415218263884,140.03977878692484,13620.343048999994,1712.0709123860013
20.0,0.0,1.4,3600.0,0.29,7.0,470.0,1240969.0,-0.7037083962994366,0.025988406261040622,6.5575240523216305,0.7910083027774625,3.429327659440422,-128.408392775563,22.310897561028987,140.70645021856888,13982.390864999981,1763.852666729001
21.0,0.0,1.4,3600.0,0.3,7.0,470.0,1241085.0,-0.7041593590828845,0.026315814174973914,6.797531084249383,0.7730566372703371,3.6297965720499437,-128.2801699606698,23.334248244775907,141.16077473497143,14167.60082,1782.5068032859976
22.0,0.0,1.4,3600.0,0.31,7.0,470.0,1241250.0,-0.7046526767240885,0.027137440080148418,7.287606466115705,0.7784272846818179,3.8623525753802728,-128.1481249580014,25.088889196825292,142.05991767325057,13877.904213000016,1744.5278206469989
23.0,0.0,1.4,3600.0,0.32,7.0,470.0,1241419.0,-0.7051155308586975,0.027795689979018007,7.666436927963441,0.7645002103736889,4.081111246921454,-128.00868761586491,26.255334569786584,142.48867832078756,13735.954611000001,1727.249209088001
24.0,0.0,1.4,3600.0,0.33,7.0,470.0,1241477.0,-0.7056207417731633,0.028457927998985375,8.076458398581195,0.763123052570825,4.316093526986897,-127.86231024783287,27.87163549545572,143.31293588972153,14317.193085999992,1808.0225287869982
25.0,0.0,1.4,3600.0,0.34,7.0,470.0,1241541.0,-0.706158993707252,0.029569415944967575,8.707400412394929,0.7743866644286512,4.572271411640605,-127.71078897499265,30.023110174767382,144.42465790977954,18077.58775500002,2389.691401094001
26.0,0.0,1.4,3600.0,0.35,7.0,470.0,1241654.0,-0.7067234867881301,0.03011243773559371,9.057533087493697,0.7674156860056338,4.805301435779451,-127.54887805259017,31.52874874187652,145.18467983345792,13642.960598999987,1716.0701971009983
27.0,0.0,1.4,3600.0,0.36,7.0,470.0,1241710.0,-0.7072831696510845,0.0308731012466763,9.548968606319479,0.7682875672919494,5.061147183510777,-127.37980182772118,33.39402660861896,146.1328395452632,13646.338839999986,1716.5024502960007
28.0,0.0,1.4,3600.0,0.37,7.0,470.0,1241861.0,-0.7078763868942267,0.03152689691860651,9.972054570105044,0.7647573466196076,5.310515508829628,-127.20190370938273,35.11293281900798,147.00073955253742,21265.43178199999,2835.9872346439997
29.0,0.0,1.4,3600.0,0.38,7.0,470.0,1241962.0,-0.7084883477068747,0.03196591401827659,10.278449583296315,0.7523267074214033,5.5561438199966044,-127.0142681476977,36.43457138160148,147.58228021198798,13763.278742000002,1733.4516834220005
30.0,0.0,1.4,3600.0,0.39,7.0,470.0,1242138.0,-0.7091395698294384,0.03297172978352826,10.855854224214589,0.751909665085591,5.826559125702748,-126.82026052626915,38.35613838967477,148.46101383624304,13722.836718000002,1726.3816514829975
31.0,0.0,1.4,3600.0,0.4,7.0,470.0,1242202.0,-0.7097667698329186,0.03377188611987571,11.333641398588057,0.7508780338336056,6.09772446980508,-126.61611175764816,40.292980221395865,149.44395422453104,17843.668166000003,2353.416080320002
32.0,0.0,1.4,3600.0,0.41,7.0,470.0,1242406.0,-0.710474842421001,0.034765713106595354,11.92693667402079,0.7483980791609286,6.381130418991875,-126.40390268044204,42.192997249413786,150.25406712373655,16555.632684000026,2136.100357665002
33.0,0.0,1.4,3600.0,0.42,7.0,470.0,1242480.0,-0.7111671461398389,0.035329751223649675,12.301031685183897,0.7413205785266466,6.654814072012505,-126.1806260436199,43.857577296373,151.04702783157285,14332.986165000002,1804.6682917690005
34.0,0.0,1.4,3600.0,0.43,7.0,470.0,1242592.0,-0.7119031298927382,0.036701674869947416,13.097772836380566,0.74991364886588,6.9676179756673315,-125.95226034728829,46.50376898140203,152.35393684177248,14317.881701000006,1803.1095537590013
35.0,0.0,1.4,3600.0,0.4400000000000001,7.0,470.0,1242779.0,-0.7126721592515368,0.03789657158339123,13.802797623025306,0.7523122269545193,7.276249667674862,-125.71490307525364,48.84762738605759,153.4455865990277,17681.086031000006,2328.7712268479972
36.0,0.0,1.4,3600.0,0.4500000000000001,7.0,470.0,1242905.0,-0.7134186130832187,0.038390354737048875,14.134666310936753,0.7441273128691754,7.568286687524369,-125.46799465107566,50.537327653407026,154.26397895128449,18121.634352999987,2362.9676684410015
37.0,0.0,1.4,3600.0,0.46,7.0,470.0,1243093.0,-0.7142125666430096,0.03966984087184344,14.875889793082152,0.7479073709316729,7.891695738894509,-125.21805242405466,53.076647535027334,155.4874445862335,14202.810256999992,1790.094857240998
38.0,0.0,1.4,3600.0,0.47,7.0,470.0,1243177.0,-0.7149993024889103,0.040247443910412066,15.297851719629355,0.7435894358399979,8.207787623779748,-124.95839316353228,55.08950912302794,156.50201549924074,13811.636022999981,1738.7604154020025
39.0,0.0,1.4,3600.0,0.48,7.0,470.0,1243380.0,-0.7158544749881485,0.04177521337704977,16.163445359679795,0.748606075843393,8.553662309943663,-124.69698977810532,57.84633104839534,157.78443794350017,14537.677311000007,1835.2079913050015
40.0,0.0,1.4,3600.0,0.49,7.0,470.0,1243512.0,-0.7167199135055825,0.04300194499664674,16.87404891524226,0.7502413766153657,8.893769210303155,-124.42741797605078,60.41338260890329,159.029980514412,17228.503925,2261.490244786998
41.0,0.0,1.4,3600.0,0.5,7.0,470.0,1243519.0,-0.7175941584519098,0.04339107317449225,17.21476695227786,0.7413298032601128,9.220963409320463,-124.14854809392487,62.157205483911135,159.8266321430632,13814.80934800001,1738.811629803999
42.0,0.0,1.4,3600.0,0.51,7.0,470.0,1243781.0,-0.7185802511437989,0.04473608876345665,17.979644671551906,0.7397476722983061,9.570143119262454,-123.86762517852097,64.53034223589317,160.8034435348364,18041.358399000004,2346.265633140003
43.0,0.0,1.4,3600.0,0.52,7.0,470.0,1243774.0,-0.719507742428088,0.04604003581795092,18.708302334539344,0.7414281537292364,9.935492057347258,-123.57874823073178,67.23815255836206,162.1270663613893,14781.728338999996,1865.7503244359982
44.0,0.0,1.4,3600.0,0.53,7.0,470.0,1243892.0,-0.7204340749453828,0.045801139614377,18.70222190699295,0.7266435575241318,10.253790861189005,-123.27548889158705,68.45625731152882,162.72993229531951,14465.323813000008,1821.9437689080012
45.0,0.0,1.4,3600.0,0.54,7.0,470.0,1244054.0,-0.7214614133528411,0.04782629323749443,19.787704969674266,0.735498968674063,10.642967497777985,-122.97282074982684,71.92992155793189,164.42424354706898,18198.613895000006,2385.0322794909985
46.0,0.0,1.4,3600.0,0.55,7.0,470.0,1244169.0,-0.7224870263453687,0.0488618766767748,20.377418350346204,0.7329091429323886,11.00310001865314,-122.65470148936257,74.35591170825646,165.58123295194287,18033.86479199998,2345.7324210329994
47.0,0.0,1.4,3600.0,0.56,7.0,470.0,1244232.0,-0.723517775744758,0.04938674109013002,20.771556863779423,0.7275523657123801,11.361809057906672,-122.32245368660665,76.5209439719257,166.66064499575612,13898.807007999998,1752.4528895540013
48.0,0.0,1.4,3600.0,0.5700000000000001,7.0,470.0,1244366.0,-0.7246034425751127,0.05032202117070868,21.406300223801974,0.7263003457221824,11.740562450316771,-121.97659768005758,79.14180768146412,167.92122066623224,14755.215737999977,1856.2124359450013
49.0,0.0,1.4,3600.0,0.58,7.0,470.0,1244420.0,-0.725701449392447,0.050983835628002315,21.805645069140926,0.7206734973360889,12.103378373129509,-121.61067926072728,81.3082366774475,168.95890866027636,18159.972529999995,2390.525909350003
50.0,0.0,1.4,3600.0,0.59,7.0,470.0,1244521.0,-0.7268440493508386,0.05188006205796399,22.362719445888747,0.7189759370474302,12.487107346590255,-121.22613101633061,83.93795030089615,170.2623744626898,16930.280652000027,2184.2945213779985
51.0,0.0,1.4,3600.0,0.6,7.0,470.0,1244764.0,-0.7280478670658851,0.05333022691388543,23.178166284168373,0.720653085129771,12.889428912011878,-120.82083029019266,87.00991454472816,171.70981941182671,13749.272518000005,1729.5009271539986
52.0,0.0,1.4,3600.0,0.61,7.0,470.0,1244965.0,-0.7292553873480697,0.05259477728545557,22.99059958754582,0.7029679963838461,13.209312064645196,-120.35651808635272,87.7273939642468,171.83140562112303,14451.032340000014,1823.621843762
53.0,0.0,1.4,3600.0,0.62,7.0,470.0,1245188.0,-0.7305335047784608,0.05457896240753202,24.01473174876321,0.7113161379867847,13.649754008811488,-119.83381774567582,91.70352643617193,173.8182794618655,17099.739365999998,2238.426271979
54.0,0.0,1.4,3600.0,0.63,7.0,470.0,1245499.0,-0.731902867667254,0.052725726053864296,23.216606651704392,0.6795236015452104,13.871255409057596,-119.0753238840666,90.45355407625671,172.38829017350747,13984.632528999982,1759.7311605340021
55.0,0.0,1.4,3600.0,0.64,7.0,470.0,1245921.0,-0.733263413240693,0.054047447325171936,23.85880885032305,0.6885632439942637,14.317988883581942,-117.86270664657755,94.58968407446325,174.22154553981062,15446.611716999982,1980.4040753819997
56.0,0.0,1.4,3600.0,0.65,7.0,470.0,1246090.0,-0.7347764663009196,0.05397161213886137,23.747093502823876,0.6825779233747389,14.633959207917277,-116.00540417831195,96.720591833197,174.29097168862893,13833.747985999984,1745.5500636019983
57.0,0.0,1.4,3600.0,0.66,7.0,470.0,1246820.0,-0.7363647437553922,0.05442413370128042,23.916667282752268,0.6889765250084514,15.012497808113807,-113.50880060931779,100.65429162581387,175.17950301056433,14507.001562999987,1831.291598339003
58.0,0.0,1.4,3600.0,0.67,7.0,470.0,1247747.0,-0.7379674128929509,0.054456292744596096,23.99838854767786,0.6955758888051864,15.379442372564935,-110.81493997657962,104.72108552514854,176.10373828874077,13675.499998000003,1721.0209349180022
59.0,0.0,1.4,3600.0,0.6799999999999999,7.0,470.0,1248283.0,-0.7396317684129641,0.05478221623511702,24.13201441229161,0.7045224683397346,15.770895920561877,-107.8632169798854,109.2578509376527,177.1633753684495,16526.972429999998,2163.5897686330013
60.0,0.0,1.4,3600.0,0.69,7.0,470.0,1248802.0,-0.7412910697171852,0.055253522616545855,24.34339241058835,0.7182613164258929,16.209244512246553,-104.64711274742287,114.68870668620158,178.72792898817303,15598.132813000002,2008.624172627999
61.0,0.0,1.4,3600.0,0.7,7.0,470.0,1250040.0,-0.7430884455400057,0.05568065101555752,24.463422071578012,0.7284691110053336,16.614297232633092,-101.19648352179628,119.7146213502688,179.77770491683842,13881.221539999982,1746.3012090060006
62.0,0.0,1.4,3600.0,0.71,7.0,470.0,1250686.0,-0.7463140650243631,0.055883025147097504,24.54157158644432,0.7378268699168308,17.007966006162853,-97.53353694799958,124.74155719801166,180.66967352825694,13892.439684999998,1753.9500677350013
63.0,0.0,1.4,3600.0,0.72,7.0,470.0,1252651.0,-0.7482668609219997,0.05635681464787471,24.63585069877792,0.7492234789144663,17.422369020294177,-93.65993169138154,130.26158358313938,181.80693874080094,17740.376666,2333.696580670999
64.0,0.0,1.4,3600.0,0.73,7.0,470.0,1253929.0,-0.7502867832796732,0.05708759013499714,24.72344038313602,0.7616017614835249,17.845998840468873,-89.54113588574529,136.1174073019181,183.0320163739235,17007.449785999983,2203.981628454999
65.0,0.0,1.4,3600.0,0.74,7.0,470.0,1254890.0,-0.7508724691975958,0.05794218835426592,24.836276929643162,0.7745111852662865,18.27327092287839,-85.18075137120411,142.2430753285849,184.2563366589132,13639.476407000004,1719.6648672049987
66.0,0.0,1.4,3600.0,0.75,7.0,470.0,1255672.0,-0.7529220481724423,0.06012240063857016,25.280454205010685,0.796251878763978,18.84491662203794,-80.76505910102847,150.21489249272042,186.7944583660617,13513.540026000019,1704.212135342001
67.0,0.0,1.4,3600.0,0.76,7.0,470.0,1256976.0,-0.7552490925548911,0.06037474865659093,25.168937397059675,0.8012367210276843,19.151484168925645,-75.80992477608787,155.2129744584046,186.6421029198506,15840.644914999995,2030.5838666999991
68.0,0.0,1.4,3600.0,0.77,7.0,470.0,1258661.0,-0.7575669181564886,0.0615131752722802,25.402237057107815,0.81586257495533,19.599782411136772,-70.74901380076996,162.23272187513044,187.91820303238353,17234.918025999985,2269.0611001650013
69.0,0.0,1.4,3600.0,0.78,7.0,470.0,1260544.0,-0.7599661330783757,0.062481666184443105,25.681810605769076,0.8310695148455998,20.046054762276874,-65.38897406425338,169.57684574637898,189.17547277640196,13862.056433000009,1745.9218932979968
70.0,0.0,1.4,3600.0,0.79,7.0,470.0,1262198.0,-0.7625581296073016,0.06345250059810309,25.96180225733553,0.8458844663597782,20.515890370758996,-59.83476774958359,177.0537922425791,190.34741486347008,13905.153923,1752.5803273030015
71.0,0.0,1.4,3600.0,0.8,7.0,470.0,1264044.0,-0.7651563805904121,0.064600966848013,26.31891572290773,0.8621835702255103,20.98989941138402,-54.00312557190635,185.06305406189227,191.6927635326588,16564.898668999995,2131.5420467320014
72.0,0.0,1.4,3600.0,0.8099999999999999,7.0,470.0,1266811.0,-0.7678750663006632,0.06549387069071287,26.70456765018149,0.8783982460602238,21.474582149997666,-47.896730518760066,193.28648368454273,192.93857053243295,17974.089140000022,2358.276617766001
73.0,0.0,1.4,3600.0,0.82,7.0,470.0,1269588.0,-0.7706238471711694,0.06622514198765259,27.081722814441058,0.8952010672360833,21.983004415764086,-41.49468070286499,201.87767563439922,194.24140396507144,14325.771947000014,1805.0438701390005
74.0,0.0,1.4,3600.0,0.83,7.0,470.0,1274904.0,-0.7736480671511166,0.06656828539883536,27.534786948514295,0.9129183684555022,22.515104099131978,-34.736150192094584,210.92502774779462,195.54471860684407,14137.855600000006,1782.1028390270017
75.0,0.0,1.4,3600.0,0.84,7.0,470.0,1281003.0,-0.7766402204133857,0.06775622266126738,27.719278280697907,0.9293720872140254,23.08016313016203,-27.855829160287154,219.93188551754508,196.92051704431103,16444.573458,2117.3254392879962
76.0,0.0,1.4,3600.0,0.85,7.0,470.0,1287178.0,-0.7797772141674476,0.06846495821871382,27.997912569886413,0.9496873065321155,23.76773297802938,-20.51724023402945,230.12217780385637,198.8053075317513,14012.968540999998,1763.6589831850029
77.0,0.0,1.4,3600.0,0.86,7.0,470.0,1291903.0,-0.7830869705415279,0.0682923540452754,28.51880616629188,0.9738360473195525,24.729008795812664,-12.839532065888399,241.55872686835,201.08215161808857,14715.924803000016,1854.4301740670023
78.0,0.0,1.4,3600.0,0.87,7.0,470.0,1305086.0,-0.7868243228130044,0.0698876288313461,28.519339093812263,0.9888205305894271,25.589222359854322,-4.916879460259171,251.01286722380635,201.75129760156761,18561.99291700001,2448.412882294002
79.0,0.0,1.4,3600.0,0.88,7.0,470.0,1307013.0,-0.7905051935285115,0.0758420883242017,29.544648162670363,1.011874977574673,26.738374399934123,3.2882337768090446,262.80413953091926,203.15704110318154,14105.875890000003,1774.111887678002
80.0,0.0,1.4,3600.0,0.89,7.0,470.0,1302672.0,-0.7966741379181325,0.0753052308197968,36.608721549663414,1.0773753089993074,28.374684993224076,12.002114268598955,286.2114515524621,209.15062551015586,13645.848571000019,1716.7085846390005
81.0,0.0,1.4,3600.0,0.9,7.0,470.0,1308438.0,-0.7999103711272638,0.07817186313934975,40.31699691966694,1.1220392188315,29.634401377310425,21.2225548918871,304.8126989099223,213.5605738579185,15945.559395999986,2052.3635460040014
82.0,0.0,1.4,3600.0,0.91,7.0,470.0,1317019.0,-0.8048633637017005,0.08099302644115695,42.059990729973165,1.1572965720585928,32.255417820045686,30.801477609071462,321.4159543543843,216.2180751688529,16122.991647999997,2125.1297352139995
83.0,0.0,1.4,3600.0,0.92,7.0,470.0,1325159.0,-0.8104983584964643,0.08339239944825748,43.58509552518932,1.1946335590518307,35.900665506866225,40.69991797626082,339.117633074388,218.8485616666234,12713.186516999996,1599.6845744560003
84.0,0.0,1.4,3600.0,0.93,7.0,470.0,1334994.0,-0.816076119898416,0.08541682383969228,44.91095089693777,1.2373089487816105,41.64922728876311,51.01232800195492,358.9087457334613,221.25082272196576,13444.353950999986,1691.4864999760005
85.0,0.0,1.4,3600.0,0.94,7.0,470.0,1347726.0,-0.8223930532731326,0.08711880844585387,46.07583317007821,1.2846582322116866,49.5048017891543,61.762198582605855,380.700359592666,223.27040724238176,14228.615185999975,1815.4706592089995
86.0,0.0,1.4,3600.0,0.95,7.0,470.0,1361673.0,-0.8283065978558866,0.08876631086011266,47.125653667085174,1.3286686364471498,55.75654951909156,72.90104348275388,402.1646569682768,226.29264398848608,18136.871200999987,2377.8065243109986
87.0,0.0,1.4,3600.0,0.96,7.0,470.0,1375225.0,-0.8384067913048259,0.090241238318585,48.11682628807648,1.3677446868513825,58.07381885800625,84.45393151720667,422.7537793152537,232.01896141364574,14204.665108000021,1786.4574865229995
88.0,0.0,1.4,3600.0,0.97,7.0,470.0,1388848.0,-0.8537707909209542,0.0911777163381479,49.09726278264734,1.4102501323685015,58.97234361851095,96.48820477433343,445.02007767428006,240.37108878245022,13496.701200000007,1698.9911158819991
89.0,0.0,1.4,3600.0,0.98,7.0,470.0,1397063.0,-0.8718865143979447,0.09177502211089214,50.061628114961486,1.4577399540795422,59.55502024347576,109.01013941598131,469.53956065391884,250.8209978573894,17571.744922,2271.0819100200006
90.0,0.0,1.4,3600.0,0.99,7.0,470.0,1408775.0,-0.8943191666835566,0.09072242424991564,51.000329367511036,1.5307076347054733,60.00436694808641,121.96684222093877,503.1559505743998,270.09368961361366,14698.310221000025,1849.9447757500004
91.0,0.0,1.4,3600.0,1.0,7.0,470.0,1414752.0,-0.9170745453651318,0.09013154381643482,52.047832607533365,1.6120842757376186,60.27483731553431,135.14875438281604,540.6643744457515,293.1028185960514,14408.884933000021,1813.8912308969989
92.0,0.0,1.4,3600.0,1.01,7.0,470.0,1407176.0,-0.9293069217412285,0.09960190945464924,53.098350905157204,1.6237366112437344,61.34301568668262,148.9761406446035,555.5182618387915,292.00115269289364,19662.273296000025,2591.960512255
93.0,0.0,1.4,3600.0,1.02,7.0,470.0,1401755.0,-0.8770127620740829,0.10259460516635838,54.34962545788342,1.5184851795703378,60.86030377194879,162.65051362148296,529.8475249722256,251.88448751574415,18761.853346999986,2430.3115949540024
94.0,0.0,1.4,3600.0,1.03,7.0,470.0,1430073.0,-0.8486795376378274,0.10008801538056707,55.139766139531964,1.657589099845401,59.14148082773593,175.9190716299836,589.7817655942633,299.4813589816313,14564.803717999997,1836.731403938999
95.0,0.0,1.4,3600.0,1.04,7.0,470.0,1428653.0,-0.8635389540147326,0.10083717102337549,55.88777361581836,1.7171861518738705,59.707091900555326,189.22522570815846,622.9082285049955,317.9873001094399,14340.069864999998,1805.1312196980016
96.0,0.0,1.4,3600.0,1.05,7.0,470.0,1431862.0,-0.8721004370752403,0.10164600489291227,57.004691111693646,1.7139505782466662,59.937426529094125,202.46493270150748,633.7483949367003,314.2396985895121,18047.58280899999,2373.352694150006
97.0,0.0,1.4,3600.0,1.06,7.0,470.0,1435419.0,-0.8728233269244764,0.10296657167988729,57.97942052061429,1.711761793312238,59.94303560114214,216.24829278371777,645.052472099486,310.77875662233185,18218.867822999982,2363.6302815470012
98.0,0.0,1.4,3600.0,1.07,7.0,470.0,1440475.0,-0.8704950982202139,0.10412335858265986,58.95978537544464,1.7207340053115054,59.786651083879576,230.6613728763983,660.7258343723926,311.21390167808744,14001.109844999979,1764.0563482280015
99.0,0.0,1.4,3600.0,1.08,7.0,470.0,1445810.0,-0.8677133657454956,0.10567915474915612,59.93048396829404,1.7328212178429316,59.69685733021204,244.71235291405551,677.8619662679487,313.4165929006379,13999.732037000014,1764.019341466
100.0,0.0,1.4,3600.0,1.09,7.0,470.0,1447809.0,-0.8647277970393019,0.1068297737758554,60.88488403557079,1.743723675641726,59.6637678399752,258.3854246765544,694.8173712378712,315.7764649119948,16217.563380999998,2133.948882709997
101.0,0.0,1.4,3600.0,1.1,7.0,470.0,1459250.0,-0.8621399063503842,0.10772114416894102,61.83320890603054,1.7551504041610584,59.649193496517945,272.03982767543005,712.2618662627303,318.6319150405828,13632.619241000004,1714.5946738650002
102.0,0.0,1.4,3600.0,1.11,7.0,470.0,1462476.0,-0.8602182601702192,0.10920655963103701,62.7825604297932,1.7671829532677412,59.75736466753222,285.9986262086944,730.2431080472145,321.5953501815635,13197.952715000007,1661.3996091289982
103.0,0.0,1.4,3600.0,1.12,7.0,470.0,1465538.0,-0.8581998794331221,0.11029318093946379,63.757802400799015,1.7792267605063707,59.93766554499308,300.1721994935601,748.5268012055734,324.5488405852818,16779.209402999983,2189.790257829002
104.0,0.0,1.4,3600.0,1.13,7.0,470.0,1468109.0,-0.8562440702455332,0.11120406828339807,64.70784741461505,1.791401870162391,60.20488932858227,314.4779988292357,767.1669761890996,327.6650365483832,13519.931230000004,1701.5553976539993
105.0,0.0,1.4,3600.0,1.14,7.0,470.0,1473184.0,-0.85443236536519,0.11277254059389666,65.6885047643821,1.8033339140688525,60.40966901146411,329.06376119045547,786.005991341167,330.7312838342714,13578.431346999998,1707.7274083390014
106.0,0.0,1.4,3600.0,1.15,7.0,470.0,1475636.0,-0.8521818581863242,0.11451813564576611,66.65616759695256,1.8138998058826445,60.65117036014395,343.43349734239195,804.5424495604077,333.68709612527357,18611.549794999988,2458.275286844001
107.0,0.0,1.4,3600.0,1.16,7.0,470.0,1474415.0,-0.8498645420445725,0.115289182588825,67.64267826316647,1.8237116506901023,60.99149185925546,357.6660830272018,823.0233473207747,336.60780498856224,16738.144457000017,2169.3608464689983
108.0,0.0,1.4,3600.0,1.17,7.0,470.0,1478018.0,-0.8473152326536658,0.11667207014919147,68.57944586961294,1.8323097808800146,61.34598216534599,371.75765872501023,841.2219869870498,339.42222815693145,13899.098145999993,1748.3573222779985
109.0,0.0,1.4,3600.0,1.18,7.0,470.0,1479474.0,-0.8450591161473402,0.11781117557381912,69.51519585017311,1.8407584061241797,61.59007881460333,386.1234501902899,859.6086719882272,342.2621359575871,14329.643814000003,1803.0413533660007
110.0,0.0,1.4,3600.0,1.19,7.0,470.0,1482411.0,-0.8431132040689269,0.11912047265638429,70.50916126563979,1.8489423939588003,61.88504795747282,400.5509864869701,878.1269435336076,345.0626273508686,16883.127367000016,2222.0886027569986
111.0,0.0,1.4,3600.0,1.2,7.0,470.0,1484361.0,-0.8408840587512454,0.12057783728599926,71.41281730791343,1.856261739890061,62.309031947174006,414.7964455020672,896.4822530740893,347.84338047964866,16221.261460000002,2096.6856212580014
112.0,0.0,1.4,3600.0,1.21,7.0,470.0,1486659.0,-0.8387087147581029,0.12142149214031561,72.35332335431603,1.8634195661891932,62.666410285810684,429.131221798963,915.0005940164166,350.7282170851866,15192.454700999991,1911.186802044001
113.0,0.0,1.4,3600.0,1.22,7.0,470.0,1489218.0,-0.8366821915694785,0.12236191465355137,73.2423331102607,1.8711784491046979,63.04189074010736,443.9542874824108,934.0602122796064,353.699339032174,13312.919780999984,1679.0193577930013
114.0,0.0,1.4,3600.0,1.23,7.0,470.0,1493579.0,-0.8343227792292206,0.12313588061752696,74.22064251279399,1.8784853386041305,63.433894519785454,458.8403956021412,953.1429334009634,356.5248648856253,16113.14835200002,2117.0517731900013
115.0,0.0,1.4,3600.0,1.24,7.0,470.0,1496311.0,-0.831877402428034,0.12549527577058453,75.18796176650207,1.8850993635609057,63.90772382005391,473.7113891321738,972.1149294342598,359.1823594397594,13144.442215999976,1654.8935196190016
116.0,0.0,1.4,3600.0,1.25,7.0,470.0,1498149.0,-0.8295689687162587,0.126642644409782,76.09521115040504,1.8905129462999055,64.32256256127727,488.26322778447394,990.6943241048943,361.8866799643284,14796.863577999991,1897.9488029139968
117.0,0.0,1.4,3600.0,1.26,7.0,470.0,1501261.0,-0.8265811668257489,0.1279711690038877,77.08814410523473,1.8959742775920496,64.73656842303575,502.7458970698939,1009.5167346969866,364.8181539298184,13100.133607000014,1654.0405136800025
118.0,0.0,1.4,3600.0,1.27,7.0,470.0,1503014.0,-0.8241152753258844,0.12921468717763757,77.9749616533797,1.900584211722552,65.11597577691921,517.3126634895215,1028.098084045848,367.5652684388502,12791.612867,1609.4015313059997
119.0,0.0,1.4,3600.0,1.28,7.0,470.0,1507005.0,-0.8218278470687801,0.12900644165412045,78.89354398373719,1.905506775135021,65.49553353963552,532.0984235932966,1047.0572481691893,370.440740610866,16347.322027000002,2149.3431957790026
120.0,0.0,1.4,3600.0,1.29,7.0,470.0,1507815.0,-0.8192591271029768,0.13129339993293665,79.8376266049545,1.9091153775640248,65.88116692648791,546.8566142636804,1065.4954232214577,372.7887220264021,13099.98154599999,1649.3521778499983
121.0,0.0,1.4,3600.0,1.3,7.0,470.0,1510414.0,-0.8167653159710951,0.13199477427725567,80.74091892433164,1.9123734583946512,66.26488888895113,561.5963557371597,1083.9254324988253,375.19127417410556,15374.520937000003,1989.516164180001
122.0,0.0,1.4,3600.0,1.31,7.0,470.0,1513543.0,-0.8143605794507126,0.13331864831648813,81.5620008856002,1.9152981631779347,66.65538510908392,576.2102135638464,1102.3486654317292,377.78774722488214,12920.639732,1625.9233565050013
123.0,0.0,1.4,3600.0,1.32,7.0,470.0,1516618.0,-0.8123657440096324,0.13408953847261695,82.45277580283049,1.9183072105599037,67.09379750035949,590.6731551527614,1121.0010581839763,380.6472401895522,13132.324760000014,1653.6326255580009
124.0,0.0,1.4,3600.0,1.33,7.0,470.0,1516708.0,-0.8089780754448108,0.1351977900337508,83.3495299104951,1.920883722703738,67.60727489616309,605.2316337629541,1139.5788064323237,383.25517007267763,17800.181426000003,2330.5887634529995
125.0,0.0,1.4,3600.0,1.34,7.0,470.0,1520138.0,-0.8073492671304016,0.1361646644860158,84.29882197291651,1.9228389105416277,67.92780881120149,619.945186369448,1157.957204915766,385.6492230977139,15118.902479000011,1947.3833414370015
126.0,0.0,1.4,3600.0,1.35,7.0,470.0,1523324.0,-0.8050872604656176,0.13704626450743185,85.10331387724025,1.9243063424812141,68.33581056024013,634.4321062101054,1176.201479853011,388.1932029409179,13383.411395999978,1685.1056279749987
127.0,0.0,1.4,3600.0,1.36,7.0,470.0,1526557.0,-0.802467608575845,0.13871049223282542,85.8774939029743,1.9257566202577026,68.7761904290861,648.8049838178165,1194.5908851091629,390.99350646705307,13310.490313000018,1678.6999493199976
128.0,0.0,1.4,3600.0,1.37,7.0,470.0,1526783.0,-0.8000962155601425,0.1396958417168871,86.76903164439805,1.9277390480162566,69.240789347782,663.502117869955,1213.4709027568938,393.8192680530419,14495.053998999998,1854.0348009390004
129.0,0.0,1.4,3600.0,1.38,7.0,470.0,1529684.0,-0.7976339413750222,0.14070755528713497,87.7227023526918,1.9294308178855395,69.70347824005522,678.1541014019617,1232.3310198294596,396.61003027946373,16426.477926999993,2159.818314255997
130.0,0.0,1.4,3600.0,1.39,7.0,470.0,1534031.0,-0.79536720987163,0.14161249334039347,88.64540319178172,1.9304134993287025,70.16031998399801,692.5853719944026,1250.8923949171774,399.35968725365467,13601.510357000001,1711.639365668
131.0,0.0,1.4,3600.0,1.4,7.0,470.0,1534829.0,-0.7926971091785628,0.1428015645550142,89.52505329787607,1.930950089372966,70.58829963149347,707.2730916692732,1269.308226269377,401.7789801061791,13439.514922000002,1692.4657180820004
132.0,0.0,1.4,3600.0,1.41,7.0,470.0,1538571.0,-0.7901648495305047,0.14394068669634796,90.34801370693305,1.931282750262086,71.02031677890938,721.9542909603584,1287.7278024244163,404.261240291519,15017.232349000002,1929.6731351219976
133.0,0.0,1.4,3600.0,1.42,7.0,470.0,1539777.0,-0.7879618490199354,0.14505619186368346,91.14872106206884,1.9318344095918696,71.5271902674802,736.3011964432955,1306.4313178421112,407.3091538774031,15990.110136000003,2092.5965675939988
134.0,0.0,1.4,3600.0,1.43,7.0,470.0,1542698.0,-0.7857017394337666,0.14626448200980505,91.99154162967439,1.9322136594723975,72.01732471054319,750.7337305283264,1325.1566827394458,410.2678213888921,13165.492595999996,1656.9472462819986
135.0,0.0,1.4,3600.0,1.44,7.0,470.0,1543698.0,-0.783445751061212,0.1472218371916393,92.90078222864521,1.9326659116119802,72.51355677403808,765.368067252292,1344.0695828085177,413.13995471635064,13324.619097999983,1679.2768788010003
136.0,0.0,1.4,3600.0,1.45,7.0,470.0,1548524.0,-0.7812970385674594,0.14853114497688918,93.81443506667607,1.9324569384940486,73.05105628747178,779.8531292759623,1362.6547190299584,415.78756725487136,16491.03544800001,2125.735526674005
137.0,0.0,1.4,3600.0,1.46,7.0,470.0,1546620.0,-0.7792790288692907,0.14956374327687225,94.68477283543648,1.9300894835141689,73.57974443442902,792.9707757630355,1379.8223147220497,418.43745794587204,13319.444240000003,1677.0040307619995
138.0,0.0,1.4,3600.0,1.47,7.0,470.0,1548342.0,-0.7767588128124989,0.15100049421240602,95.52423525603172,1.9276871130499889,74.02661434399006,806.3909689856623,1397.0475845531612,420.95476547326473,16042.454069000003,2101.1441207539983
139.0,0.0,1.4,3600.0,1.48,7.0,470.0,1550981.0,-0.7746766898391748,0.15286537671835854,96.3129388707707,1.9255412689013878,74.52894893911316,819.8699435670084,1414.5433505468125,423.67865379320193,13630.194616999992,1717.089169749
140.0,0.0,1.4,3600.0,1.49,7.0,470.0,1519668.0,-0.7723222418762149,0.15332960071837493,97.0683173368331,1.924907913535486,74.9772254365046,833.4150493707295,1433.2517267423964,427.63780499761066,13927.934987999985,1750.418597561
141.0,0.0,1.4,3600.0,1.5,7.0,470.0,1552764.0,-0.7702904910475458,0.15522623750732764,97.83633259473605,1.9208543191519574,75.45575407114913,847.0608812415655,1449.4957323981005,428.9875382531425,12535.926828999996,1582.8705653409986
